328076.3123776510,4689578.58788669,19,T
328076.3123776510,4689578.58788669,19,T
328076.32953168600,4689578.596928840,19,T
328076.32953168600,4689578.596928840,19,T
328076.3219867050,4689578.603608360,19,T
328076.3219867050,4689578.603608360,19,T
328076.28274845500,4689578.637043120,19,T
328076.28274845500,4689578.637043120,19,T
328076.2371918210,4689578.665437500,19,T
328076.2371918210,4689578.665437500,19,T
328076.15589588300,4689578.628652360,19,T
328076.15589588300,4689578.628652360,19,T
328076.0860102970,4689578.563197630,19,T
328076.0860102970,4689578.563197630,19,T
328075.9724171970,4689578.545389350,19,T
328075.9724171970,4689578.545389350,19,T
328075.79093473200,4689578.504197780,19,T
328075.79093473200,4689578.504197780,19,T
328075.61300023900,4689578.371998390,19,T
328075.61300023900,4689578.371998390,19,T
328075.4745410930,4689578.238459010,19,T
328075.4745410930,4689578.238459010,19,T
328075.29377295400,4689578.153459520,19,T
328075.29377295400,4689578.153459520,19,T
328075.119861559,4689578.162737970,19,T
328075.119861559,4689578.162737970,19,T
328074.9711568110,4689578.082889200,19,T
328074.9711568110,4689578.082889200,19,T
328074.8411144630,4689577.989408140,19,T
328074.8411144630,4689577.989408140,19,T
328074.7397182530,4689577.930107850,19,T
328074.7397182530,4689577.930107850,19,T
328074.61584271200,4689577.942054830,19,T
328074.61584271200,4689577.942054830,19,T
328074.50955686700,4689577.913490730,19,T
328074.50955686700,4689577.913490730,19,T
328074.40835370900,4689577.90131605,19,T
328074.40835370900,4689577.90131605,19,T
328074.33106946000,4689577.943848950,19,T
328074.33106946000,4689577.943848950,19,T
328074.260830123,4689577.931285400,19,T
328074.260830123,4689577.931285400,19,T
328074.16206563600,4689577.850210880,19,T
328074.16206563600,4689577.850210880,19,T
328074.06486893900,4689577.821794800,19,T
328074.06486893900,4689577.821794800,19,T
328073.9296099290,4689577.841072180,19,T
328073.9296099290,4689577.841072180,19,T
328073.8351016360,4689577.781973960,19,T
328073.8351016360,4689577.781973960,19,T
328073.73057783700,4689577.7971570200,19,T
328073.73057783700,4689577.7971570200,19,T
328073.6258617350,4689577.686725730,19,T
328073.6258617350,4689577.686725730,19,T
328073.45135234100,4689577.581904100,19,T
328073.45135234100,4689577.581904100,19,T
328073.29453672200,4689577.468854980,19,T
328073.29453672200,4689577.468854980,19,T
328073.0913580840,4689577.429865980,19,T
328073.0913580840,4689577.429865980,19,T
328072.8976252430,4689577.371904320,19,T
328072.8976252430,4689577.371904320,19,T
328072.74290923700,4689577.237836240,19,T
328072.74290923700,4689577.237836240,19,T
328072.5506619850,4689577.156272960,19,T
328072.5506619850,4689577.156272960,19,T
328072.3502897920,4689577.018501150,19,T
328072.3502897920,4689577.018501150,19,T
328072.1484728090,4689576.956470230,19,T
328072.1484728090,4689576.956470230,19,T
328071.9707447800,4689576.922423150,19,T
328071.9707447800,4689576.922423150,19,T
328071.7959679610,4689576.924486380,19,T
328071.7959679610,4689576.924486380,19,T
328071.6425688060,4689576.860895960,19,T
328071.6425688060,4689576.860895960,19,T
328071.5148196690,4689576.765503150,19,T
328071.5148196690,4689576.765503150,19,T
328071.3335288840,4689576.704081760,19,T
328071.3335288840,4689576.704081760,19,T
328071.15712243,4689576.690227480,19,T
328071.15712243,4689576.690227480,19,T
328071.01131214400,4689576.65539701,19,T
328071.01131214400,4689576.65539701,19,T
328070.8717242240,4689576.599260820,19,T
328070.8717242240,4689576.599260820,19,T
328070.7227272130,4689576.636502960,19,T
328070.7227272130,4689576.636502960,19,T
328070.6313376220,4689576.575472700,19,T
328070.6313376220,4689576.575472700,19,T
328070.50147020000,4689576.47790526,19,T
328070.50147020000,4689576.47790526,19,T
328070.34046129500,4689576.423964840,19,T
328070.34046129500,4689576.423964840,19,T
328070.20452728800,4689576.34844151,19,T
328070.20452728800,4689576.34844151,19,T
328070.0757936610,4689576.319500690,19,T
328070.0757936610,4689576.319500690,19,T
328069.93002196700,4689576.224550270,19,T
328069.93002196700,4689576.224550270,19,T
328069.7736596790,4689576.214100650,19,T
328069.7736596790,4689576.214100650,19,T
328069.60477292900,4689576.181321040,19,T
328069.60477292900,4689576.181321040,19,T
328069.4278223080,4689576.134080710,19,T
328069.4278223080,4689576.134080710,19,T
328069.2643030910,4689576.090036210,19,T
328069.2643030910,4689576.090036210,19,T
328069.1516023230,4689576.007633850,19,T
328069.1516023230,4689576.007633850,19,T
328069.0320863110,4689575.978466810,19,T
328069.0320863110,4689575.978466810,19,T
328068.9291549490,4689575.912709950,19,T
328068.9291549490,4689575.912709950,19,T
328068.8007496070,4689575.869102440,19,T
328068.8007496070,4689575.869102440,19,T
328068.66896607500,4689575.816856890,19,T
328068.66896607500,4689575.816856890,19,T
328068.55600129600,4689575.723698980,19,T
328068.55600129600,4689575.723698980,19,T
328068.39390526900,4689575.720812230,19,T
328068.39390526900,4689575.720812230,19,T
328068.2305148310,4689575.749315630,19,T
328068.2305148310,4689575.749315630,19,T
328068.1349817550,4689575.676511740,19,T
328068.1349817550,4689575.676511740,19,T
328067.99838303100,4689575.624384390,19,T
328067.99838303100,4689575.624384390,19,T
328067.8637290380,4689575.59540338,19,T
328067.8637290380,4689575.59540338,19,T
328067.7398070410,4689575.560592370,19,T
328067.7398070410,4689575.560592370,19,T
328067.6249768200,4689575.486777730,19,T
328067.6249768200,4689575.486777730,19,T
328067.46857752500,4689575.502863080,19,T
328067.46857752500,4689575.502863080,19,T
328067.34822591000,4689575.478912040,19,T
328067.34822591000,4689575.478912040,19,T
328067.22707478800,4689575.388738370,19,T
328067.22707478800,4689575.388738370,19,T
328067.10268350300,4689575.312375130,19,T
328067.10268350300,4689575.312375130,19,T
328066.9962950580,4689575.217942500,19,T
328066.9962950580,4689575.217942500,19,T
328066.9004367360,4689575.143105540,19,T
328066.9004367360,4689575.143105540,19,T
328066.76886801600,4689575.144479430,19,T
328066.76886801600,4689575.144479430,19,T
328066.5467794800,4689575.367027180,19,T
328066.5467794800,4689575.367027180,19,T
328066.1406301580,4689576.077086090,19,T
328066.1406301580,4689576.077086090,19,T
328065.32189916700,4689577.689408760,19,T
328065.32189916700,4689577.689408760,19,T
328063.86538961000,4689580.776571640,19,T
328063.86538961000,4689580.776571640,19,T
328061.5277626430,4689586.046864710,19,T
328061.5277626430,4689586.046864710,19,T
328058.0318011030,4689594.140570400,19,T
328058.0318011030,4689594.140570400,19,T
328053.2037862640,4689605.422112930,19,T
328053.2037862640,4689605.422112930,19,T
328047.1966862760,4689619.62295725,19,T
328047.1966862760,4689619.62295725,19,T
328040.3600259350,4689635.873748130,19,T
328040.3600259350,4689635.873748130,19,T
328033.20446686300,4689652.708517950,19,T
328033.20446686300,4689652.708517950,19,T
328026.4193679180,4689668.740964400,19,T
328026.4193679180,4689668.740964400,19,T
328020.4560169520,4689682.82386675,19,T
328020.4560169520,4689682.82386675,19,T
328015.44127794200,4689694.54051039,19,T
328015.44127794200,4689694.54051039,19,T
328011.5881846950,4689703.507690920,19,T
328011.5881846950,4689703.507690920,19,T
328008.6324823120,4689710.271481690,19,T
328008.6324823120,4689710.271481690,19,T
328006.5162921370,4689714.992135520,19,T
328006.5162921370,4689714.992135520,19,T
328005.1349107030,4689717.997125170,19,T
328005.1349107030,4689717.997125170,19,T
328004.44067037900,4689719.31860788,19,T
328004.44067037900,4689719.31860788,19,T
328004.53224263700,4689718.663956070,19,T
328004.53224263700,4689718.663956070,19,T
328024.4197299010,4689670.152943860,19,T
328024.4197299010,4689670.152943860,19,T
328024.09652217700,4689670.646841710,19,T
328024.09652217700,4689670.646841710,19,T
328024.40266673600,4689669.553285590,19,T
328024.40266673600,4689669.553285590,19,T
328024.51445440100,4689668.830411190,19,T
328024.51445440100,4689668.830411190,19,T
328026.51762042800,4689663.609320810,19,T
328026.51762042800,4689663.609320810,19,T
328026.3736153690,4689663.591888970,19,T
328026.3736153690,4689663.591888970,19,T
328025.9899083110,4689664.127908100,19,T
328025.9899083110,4689664.127908100,19,T
328025.58360937300,4689664.702520220,19,T
328025.58360937300,4689664.702520220,19,T
328024.93228506600,4689665.90530624,19,T
328024.93228506600,4689665.90530624,19,T
328024.4871602010,4689666.546928440,19,T
328024.4871602010,4689666.546928440,19,T
328023.9756522520,4689667.338622620,19,T
328023.9756522520,4689667.338622620,19,T
328023.7734084570,4689667.393687400,19,T
328023.7734084570,4689667.393687400,19,T
328023.6756961480,4689667.226491360,19,T
328023.6756961480,4689667.226491360,19,T
328023.2234808530,4689667.977392680,19,T
328023.2234808530,4689667.977392680,19,T
328022.80177684900,4689668.614172250,19,T
328022.80177684900,4689668.614172250,19,T
328022.3501212590,4689669.286942240,19,T
328022.3501212590,4689669.286942240,19,T
328021.89863251500,4689670.028177080,19,T
328021.89863251500,4689670.028177080,19,T
328021.79404984100,4689669.917557760,19,T
328021.79404984100,4689669.917557760,19,T
328021.7162438910,4689669.753769600,19,T
328021.7162438910,4689669.753769600,19,T
328021.6333717800,4689669.557448570,19,T
328021.6333717800,4689669.557448570,19,T
328021.54879056200,4689669.353190730,19,T
328021.54879056200,4689669.353190730,19,T
328021.4857351000,4689669.12298367,19,T
328021.4857351000,4689669.12298367,19,T
328021.42761349400,4689668.869461390,19,T
328021.42761349400,4689668.869461390,19,T
328021.41375096200,4689668.607615880,19,T
328021.41375096200,4689668.607615880,19,T
328060.44624846700,4689573.341909280,19,T
328060.44624846700,4689573.341909280,19,T
328060.3715068820,4689573.022552460,19,T
328060.3715068820,4689573.022552460,19,T
328060.1535331290,4689573.23887618,19,T
328060.1535331290,4689573.23887618,19,T
328060.0006416230,4689573.156718290,19,T
328060.0006416230,4689573.156718290,19,T
328059.72126122400,4689573.333356680,19,T
328059.72126122400,4689573.333356680,19,T
328059.4415903440,4689573.643971160,19,T
328059.4415903440,4689573.643971160,19,T
328059.11324809500,4689574.063586390,19,T
328059.11324809500,4689574.063586390,19,T
328058.7391848210,4689574.583409000,19,T
328058.7391848210,4689574.583409000,19,T
328058.30856032900,4689575.199251830,19,T
328058.30856032900,4689575.199251830,19,T
328057.83865162400,4689575.925163900,19,T
328057.83865162400,4689575.925163900,19,T
328057.26982892500,4689576.760196750,19,T
328057.26982892500,4689576.760196750,19,T
328056.70900596300,4689577.685582930,19,T
328056.70900596300,4689577.685582930,19,T
328056.09152228700,4689578.725361530,19,T
328056.09152228700,4689578.725361530,19,T
328055.4034361960,4689579.883585840,19,T
328055.4034361960,4689579.883585840,19,T
328042.285515005,4689611.405530480,19,T
328042.285515005,4689611.405530480,19,T
328047.4130684120,4689598.43106632,19,T
328047.4130684120,4689598.43106632,19,T
328047.91045056200,4689596.755191990,19,T
328047.91045056200,4689596.755191990,19,T
328048.01668724300,4689596.041546590,19,T
328048.01668724300,4689596.041546590,19,T
328048.3957457640,4689594.643009220,19,T
328048.3957457640,4689594.643009220,19,T
328049.03967734400,4689592.544188660,19,T
328049.03967734400,4689592.544188660,19,T
328049.97781357700,4689589.947359500,19,T
328049.97781357700,4689589.947359500,19,T
328051.16859734800,4689586.679308150,19,T
328051.16859734800,4689586.679308150,19,T
328052.6474128830,4689582.644905510,19,T
328052.6474128830,4689582.644905510,19,T
328054.3840505290,4689577.914475590,19,T
328054.3840505290,4689577.914475590,19,T
328047.4505889930,4689594.407922080,19,T
328047.4505889930,4689594.407922080,19,T
328047.35521879700,4689594.347360950,19,T
328047.35521879700,4689594.347360950,19,T
328056.0441677830,4689572.573415630,19,T
328056.0441677830,4689572.573415630,19,T
328055.8618908980,4689572.561561370,19,T
328055.8618908980,4689572.561561370,19,T
328055.65618799000,4689572.63285303,19,T
328055.65618799000,4689572.63285303,19,T
328055.45965926500,4689572.6404605300,19,T
328055.45965926500,4689572.6404605300,19,T
328055.26031325100,4689572.656672600,19,T
328055.26031325100,4689572.656672600,19,T
328055.10898858600,4689572.632739860,19,T
328055.10898858600,4689572.632739860,19,T
328055.0427862590,4689572.863151250,19,T
328055.0427862590,4689572.863151250,19,T
328054.84485034200,4689572.992886880,19,T
328054.84485034200,4689572.992886880,19,T
328054.7128910460,4689573.073687080,19,T
328054.7128910460,4689573.073687080,19,T
328054.54378806500,4689573.194736210,19,T
328054.54378806500,4689573.194736210,19,T
328054.3913804310,4689573.300531300,19,T
328054.3913804310,4689573.300531300,19,T
328054.2822679950,4689573.330671490,19,T
328054.2822679950,4689573.330671490,19,T
328054.1216092790,4689573.492891560,19,T
328054.1216092790,4689573.492891560,19,T
328053.9986971790,4689573.577737400,19,T
328053.9986971790,4689573.577737400,19,T
328053.901936242,4689573.724101410,19,T
328053.901936242,4689573.724101410,19,T
328053.8248685270,4689573.786668900,19,T
328053.8248685270,4689573.786668900,19,T
328053.6585383200,4689573.992633060,19,T
328053.6585383200,4689573.992633060,19,T
328053.4785678230,4689574.158852690,19,T
328053.4785678230,4689574.158852690,19,T
328053.353133325,4689574.269923370,19,T
328053.353133325,4689574.269923370,19,T
328053.2133058480,4689574.495647740,19,T
328053.2133058480,4689574.495647740,19,T
328053.07597197500,4689574.677149400,19,T
328053.07597197500,4689574.677149400,19,T
328053.0050542410,4689574.788366260,19,T
328053.0050542410,4689574.788366260,19,T
328052.9315083820,4689574.927109420,19,T
328052.9315083820,4689574.927109420,19,T
328052.81171808700,4689575.043793690,19,T
328052.81171808700,4689575.043793690,19,T
328052.6916202610,4689575.187205080,19,T
328052.6916202610,4689575.187205080,19,T
328052.59606468900,4689575.337807230,19,T
328052.59606468900,4689575.337807230,19,T
328052.5019541770,4689575.485590620,19,T
328052.5019541770,4689575.485590620,19,T
328052.38441923700,4689575.632464600,19,T
328052.38441923700,4689575.632464600,19,T
328052.31098265100,4689575.775658340,19,T
328052.31098265100,4689575.775658340,19,T
328052.26923219500,4689575.830122350,19,T
328052.26923219500,4689575.830122350,19,T
328052.2711901440,4689575.780902860,19,T
328052.2711901440,4689575.780902860,19,T
328052.23538178400,4689575.841900900,19,T
328052.23538178400,4689575.841900900,19,T
328052.092254055,4689576.084591590,19,T
328052.092254055,4689576.084591590,19,T
328052.0046197710,4689576.27749084,19,T
328052.0046197710,4689576.27749084,19,T
328051.88675354700,4689576.506201650,19,T
328051.88675354700,4689576.506201650,19,T
328051.78776313300,4689576.758014270,19,T
328051.78776313300,4689576.758014270,19,T
328051.6965144550,4689576.904614110,19,T
328051.6965144550,4689576.904614110,19,T
328051.580628445,4689577.11305108,19,T
328051.580628445,4689577.11305108,19,T
328051.47101329700,4689577.386277520,19,T
328051.47101329700,4689577.386277520,19,T
328051.3948262190,4689577.675383100,19,T
328051.3948262190,4689577.675383100,19,T
328051.29128924300,4689577.938254950,19,T
328051.29128924300,4689577.938254950,19,T
328051.2435274170,4689578.089910530,19,T
328051.2435274170,4689578.089910530,19,T
328051.1767289510,4689578.245558900,19,T
328051.1767289510,4689578.245558900,19,T
328051.07224463700,4689578.396936920,19,T
328051.07224463700,4689578.396936920,19,T
328051.0137655090,4689578.599882530,19,T
328051.0137655090,4689578.599882530,19,T
328050.92795064000,4689578.79960258,19,T
328050.92795064000,4689578.79960258,19,T
328050.84939900600,4689578.953127300,19,T
328050.84939900600,4689578.953127300,19,T
328050.7571023730,4689579.113112660,19,T
328050.7571023730,4689579.113112660,19,T
328050.6029721900,4689579.412295900,19,T
328050.6029721900,4689579.412295900,19,T
328050.48307377800,4689579.569433340,19,T
328050.48307377800,4689579.569433340,19,T
328050.44696349700,4689579.651777340,19,T
328050.44696349700,4689579.651777340,19,T
328050.3849584950,4689579.85128402,19,T
328050.3849584950,4689579.85128402,19,T
328050.32357107,4689580.008655110,19,T
328050.32357107,4689580.008655110,19,T
328050.2272291070,4689580.172079730,19,T
328050.2272291070,4689580.172079730,19,T
328050.1350478290,4689580.353586360,19,T
328050.1350478290,4689580.353586360,19,T
328050.00948250500,4689580.504183020,19,T
328050.00948250500,4689580.504183020,19,T
328049.89294412900,4689580.669216750,19,T
328049.89294412900,4689580.669216750,19,T
328049.7979739150,4689580.905344310,19,T
328049.7979739150,4689580.905344310,19,T
328049.7235036160,4689581.135402060,19,T
328049.7235036160,4689581.135402060,19,T
328049.6527539690,4689581.4329096100,19,T
328049.6527539690,4689581.4329096100,19,T
328049.6134010720,4689581.618686010,19,T
328049.6134010720,4689581.618686010,19,T
328049.5207378340,4689581.903928370,19,T
328049.5207378340,4689581.903928370,19,T
328049.44141292000,4689582.098850310,19,T
328049.44141292000,4689582.098850310,19,T
328049.44544919200,4689582.195980770,19,T
328049.44544919200,4689582.195980770,19,T
328049.40836176000,4689582.35628085,19,T
328049.40836176000,4689582.35628085,19,T
328049.40290174400,4689582.548832900,19,T
328049.40290174400,4689582.548832900,19,T
328049.3785457040,4689582.728674570,19,T
328049.3785457040,4689582.728674570,19,T
328049.3729496250,4689582.88764494,19,T
328049.3729496250,4689582.88764494,19,T
328049.3252840060,4689583.116116940,19,T
328049.3252840060,4689583.116116940,19,T
328049.29068714200,4689583.349834690,19,T
328049.29068714200,4689583.349834690,19,T
328049.2693481880,4689583.557249640,19,T
328049.2693481880,4689583.557249640,19,T
328049.28005543600,4689583.763506800,19,T
328049.28005543600,4689583.763506800,19,T
328049.30405043800,4689583.955892440,19,T
328049.30405043800,4689583.955892440,19,T
328049.99419519900,4689582.741394490,19,T
328049.99419519900,4689582.741394490,19,T
328050.07605520600,4689582.778722130,19,T
328050.07605520600,4689582.778722130,19,T
328050.06793367100,4689582.930146840,19,T
328050.06793367100,4689582.930146840,19,T
328050.02301955000,4689583.108080990,19,T
328050.02301955000,4689583.108080990,19,T
328049.9717197600,4689583.272626550,19,T
328049.9717197600,4689583.272626550,19,T
328049.966670939,4689583.44828322,19,T
328049.966670939,4689583.44828322,19,T
328050.00288390100,4689583.532748450,19,T
328050.00288390100,4689583.532748450,19,T
328049.9452196940,4689583.718417690,19,T
328049.9452196940,4689583.718417690,19,T
328049.87997614000,4689583.8981497500,19,T
328049.87997614000,4689583.8981497500,19,T
328049.9036574910,4689583.898310630,19,T
328049.9036574910,4689583.898310630,19,T
328049.7895596570,4689584.134722180,19,T
328049.7895596570,4689584.134722180,19,T
328049.7227871070,4689584.375538580,19,T
328049.7227871070,4689584.375538580,19,T
328049.67491761500,4689584.438688240,19,T
328049.67491761500,4689584.438688240,19,T
328049.615681391,4689584.543495150,19,T
328049.615681391,4689584.543495150,19,T
328049.5111051600,4689584.696730980,19,T
328049.5111051600,4689584.696730980,19,T
328049.3957696490,4689584.854684190,19,T
328049.3957696490,4689584.854684190,19,T
328049.2834370710,4689585.067672800,19,T
328049.2834370710,4689585.067672800,19,T
328049.2743914450,4689585.13098272,19,T
328049.2743914450,4689585.13098272,19,T
328049.24121229200,4689585.209358180,19,T
328049.24121229200,4689585.209358180,19,T
328049.18099030300,4689585.363731830,19,T
328049.18099030300,4689585.363731830,19,T
328049.13570648300,4689585.532211880,19,T
328049.13570648300,4689585.532211880,19,T
328049.05251532,4689585.7042202200,19,T
328049.05251532,4689585.7042202200,19,T
328049.0642154760,4689585.973355330,19,T
328049.0642154760,4689585.973355330,19,T
328048.9268804460,4689586.188442130,19,T
328048.9268804460,4689586.188442130,19,T
328048.829820883,4689586.339452380,19,T
328048.829820883,4689586.339452380,19,T
328048.7644033710,4689586.467234000,19,T
328048.7644033710,4689586.467234000,19,T
328048.6890515280,4689586.577260900,19,T
328048.6890515280,4689586.577260900,19,T
328048.60736563200,4689586.743294610,19,T
328048.60736563200,4689586.743294610,19,T
328048.68213738300,4689586.77226083,19,T
328048.68213738300,4689586.77226083,19,T
328048.59883196800,4689587.018121900,19,T
328048.59883196800,4689587.018121900,19,T
328048.60848814400,4689587.103053490,19,T
328048.60848814400,4689587.103053490,19,T
328048.5250603890,4689587.467300110,19,T
328048.5250603890,4689587.467300110,19,T
328048.5391114280,4689587.568637990,19,T
328048.5391114280,4689587.568637990,19,T
328048.5064234690,4689587.745529810,19,T
328048.5064234690,4689587.745529810,19,T
328048.4899958270,4689587.928702370,19,T
328048.4899958270,4689587.928702370,19,T
328048.486800781,4689588.07332625,19,T
328048.486800781,4689588.07332625,19,T
328048.4194189340,4689588.51362663,19,T
328048.4194189340,4689588.51362663,19,T
328048.46359266300,4689588.726113250,19,T
328048.46359266300,4689588.726113250,19,T
328048.4908035380,4689588.937346310,19,T
328048.4908035380,4689588.937346310,19,T
328048.47581137900,4689589.195817970,19,T
328048.47581137900,4689589.195817970,19,T
328048.4968768170,4689589.358587110,19,T
328048.4968768170,4689589.358587110,19,T
328048.5144442070,4689589.591952100,19,T
328048.5144442070,4689589.591952100,19,T
328048.5517203900,4689589.781413980,19,T
328048.5517203900,4689589.781413980,19,T
328048.5187204080,4689590.035317780,19,T
328048.5187204080,4689590.035317780,19,T
328048.57585307500,4689590.175677440,19,T
328048.57585307500,4689590.175677440,19,T
328048.6731964520,4689590.30540126,19,T
328048.6731964520,4689590.30540126,19,T
328048.6831678090,4689590.548972560,19,T
328048.6831678090,4689590.548972560,19,T
328048.8134358870,4689590.612388080,19,T
328048.8134358870,4689590.612388080,19,T
328048.9538856340,4689590.720457390,19,T
328048.9538856340,4689590.720457390,19,T
328049.06317284000,4689590.837641550,19,T
328049.06317284000,4689590.837641550,19,T
328049.14283866600,4689590.987467910,19,T
328049.14283866600,4689590.987467910,19,T
328049.2253339190,4689591.162831060,19,T
328049.2253339190,4689591.162831060,19,T
328049.3541382370,4689591.306812340,19,T
328049.3541382370,4689591.306812340,19,T
328049.4616000200,4689591.450575340,19,T
328049.4616000200,4689591.450575340,19,T
328049.59603431300,4689591.52669173,19,T
328049.59603431300,4689591.52669173,19,T
328049.7305489850,4689591.4883202200,19,T
328049.7305489850,4689591.4883202200,19,T
328049.8691232070,4689591.570458220,19,T
328049.8691232070,4689591.570458220,19,T
328049.9813066150,4689591.850486460,19,T
328049.9813066150,4689591.850486460,19,T
328050.1255153920,4689591.965885610,19,T
328050.1255153920,4689591.965885610,19,T
328050.2589633950,4689592.170057500,19,T
328050.2589633950,4689592.170057500,19,T
328050.4459421730,4689592.222061080,19,T
328050.4459421730,4689592.222061080,19,T
328050.5428358450,4689592.378329990,19,T
328050.5428358450,4689592.378329990,19,T
328050.7513215150,4689592.358738990,19,T
328050.7513215150,4689592.358738990,19,T
328050.89493242000,4689592.483430470,19,T
328050.89493242000,4689592.483430470,19,T
328051.05978569000,4689592.553790250,19,T
328051.05978569000,4689592.553790250,19,T
328051.21099210900,4689592.645823580,19,T
328051.21099210900,4689592.645823580,19,T
328051.36729187300,4689592.7210321400,19,T
328051.36729187300,4689592.7210321400,19,T
328051.51119865300,4689592.857777290,19,T
328051.51119865300,4689592.857777290,19,T
328051.67537869600,4689592.923143690,19,T
328051.67537869600,4689592.923143690,19,T
328051.8524671290,4689592.992832030,19,T
328051.8524671290,4689592.992832030,19,T
328052.00427137500,4689593.176513670,19,T
328052.00427137500,4689593.176513670,19,T
328052.1654439480,4689593.287599840,19,T
328052.1654439480,4689593.287599840,19,T
328052.3872517220,4689593.3172243900,19,T
328052.3872517220,4689593.3172243900,19,T
328052.57857978300,4689593.383779920,19,T
328052.57857978300,4689593.383779920,19,T
328052.71410348000,4689593.521101970,19,T
328052.71410348000,4689593.521101970,19,T
328052.8404136110,4689593.636383890,19,T
328052.8404136110,4689593.636383890,19,T
328053.0130555620,4689593.771681470,19,T
328053.0130555620,4689593.771681470,19,T
328053.4286460270,4689593.608955520,19,T
328053.4286460270,4689593.608955520,19,T
328053.5394358220,4689593.759316770,19,T
328053.5394358220,4689593.759316770,19,T
328053.7929478670,4689593.549542510,19,T
328053.7929478670,4689593.549542510,19,T
328054.0031313970,4689593.75053193,19,T
328054.0031313970,4689593.75053193,19,T
328054.1315005810,4689593.916048070,19,T
328054.1315005810,4689593.916048070,19,T
328054.28079400000,4689594.036703520,19,T
328054.28079400000,4689594.036703520,19,T
328054.4768218560,4689594.132089920,19,T
328054.4768218560,4689594.132089920,19,T
328054.6327968250,4689594.227717320,19,T
328054.6327968250,4689594.227717320,19,T
328054.79164572000,4689594.305832230,19,T
328054.79164572000,4689594.305832230,19,T
328054.92354635600,4689594.418935870,19,T
328054.92354635600,4689594.418935870,19,T
328055.0643252340,4689594.456301690,19,T
328055.0643252340,4689594.456301690,19,T
328055.2500545930,4689594.519098110,19,T
328055.2500545930,4689594.519098110,19,T
328055.40563502100,4689594.615477410,19,T
328055.40563502100,4689594.615477410,19,T
328055.5956267130,4689594.666850510,19,T
328055.5956267130,4689594.666850510,19,T
328055.73028085300,4689594.819223720,19,T
328055.73028085300,4689594.819223720,19,T
328055.8863018030,4689594.939157400,19,T
328055.8863018030,4689594.939157400,19,T
328056.0316176350,4689594.993111600,19,T
328056.0316176350,4689594.993111600,19,T
328056.1738920900,4689595.102620670,19,T
328056.1738920900,4689595.102620670,19,T
328056.35105731100,4689595.1530097700,19,T
328056.35105731100,4689595.1530097700,19,T
328056.4705345270,4689595.343237160,19,T
328056.4705345270,4689595.343237160,19,T
328056.6192957760,4689595.464647930,19,T
328056.6192957760,4689595.464647930,19,T
328056.807737189,4689595.492122830,19,T
328056.807737189,4689595.492122830,19,T
328056.9636018300,4689595.588866300,19,T
328056.9636018300,4689595.588866300,19,T
328057.0878406460,4689595.670243010,19,T
328057.0878406460,4689595.670243010,19,T
328057.2163073810,4689595.778049970,19,T
328057.2163073810,4689595.778049970,19,T
328057.3473945700,4689595.975785590,19,T
328057.3473945700,4689595.975785590,19,T
328057.4359697750,4689596.079190740,19,T
328057.4359697750,4689596.079190740,19,T
328057.56568182900,4689596.097530790,19,T
328057.56568182900,4689596.097530790,19,T
328057.6743204670,4689596.098575100,19,T
328057.6743204670,4689596.098575100,19,T
328057.80167494900,4689596.194719550,19,T
328057.80167494900,4689596.194719550,19,T
328057.8810841190,4689596.317276060,19,T
328057.8810841190,4689596.317276060,19,T
328058.013616945,4689596.383233890,19,T
328058.013616945,4689596.383233890,19,T
328058.15260109500,4689596.5549838800,19,T
328058.15260109500,4689596.5549838800,19,T
328058.24396921600,4689596.732912610,19,T
328058.24396921600,4689596.732912610,19,T
328058.38181743100,4689596.796698890,19,T
328058.38181743100,4689596.796698890,19,T
328058.5255070400,4689596.89095796,19,T
328058.5255070400,4689596.89095796,19,T
328058.63572462600,4689597.034838990,19,T
328058.63572462600,4689597.034838990,19,T
328058.79563305200,4689597.111258,19,T
328058.79563305200,4689597.111258,19,T
328058.99152071100,4689597.144858960,19,T
328058.99152071100,4689597.144858960,19,T
328059.0955826620,4689597.396882690,19,T
328059.0955826620,4689597.396882690,19,T
328059.24569740800,4689597.438843780,19,T
328059.24569740800,4689597.438843780,19,T
328059.4197327260,4689597.451457070,19,T
328059.4197327260,4689597.451457070,19,T
328059.56609998000,4689597.548248160,19,T
328059.56609998000,4689597.548248160,19,T
328059.7364136170,4689597.599918840,19,T
328059.7364136170,4689597.599918840,19,T
328059.83696742100,4689597.776323250,19,T
328059.83696742100,4689597.776323250,19,T
328059.9540086150,4689597.945828600,19,T
328059.9540086150,4689597.945828600,19,T
328060.1155177930,4689598.070637570,19,T
328060.1155177930,4689598.070637570,19,T
328060.26026244100,4689598.163015250,19,T
328060.26026244100,4689598.163015250,19,T
328060.4400344310,4689598.201836200,19,T
328060.4400344310,4689598.201836200,19,T
328060.59770164300,4689598.271073720,19,T
328060.59770164300,4689598.271073720,19,T
328060.7283791350,4689598.351179130,19,T
328060.7283791350,4689598.351179130,19,T
328060.8905822790,4689598.44257162,19,T
328060.8905822790,4689598.44257162,19,T
328061.02018790600,4689598.591172240,19,T
328061.02018790600,4689598.591172240,19,T
328061.17258570200,4689598.686887580,19,T
328061.17258570200,4689598.686887580,19,T
328061.32852249800,4689598.814616640,19,T
328061.32852249800,4689598.814616640,19,T
328061.50236150200,4689598.847274470,19,T
328061.50236150200,4689598.847274470,19,T
328061.6197612850,4689598.986525980,19,T
328061.6197612850,4689598.986525980,19,T
328061.783089811,4689599.067685470,19,T
328061.783089811,4689599.067685470,19,T
328061.90288653600,4689599.214856910,19,T
328061.90288653600,4689599.214856910,19,T
328062.07323897000,4689599.329800120,19,T
328062.07323897000,4689599.329800120,19,T
328062.23881877200,4689599.412945430,19,T
328062.23881877200,4689599.412945430,19,T
328062.4194398810,4689599.497577080,19,T
328062.4194398810,4689599.497577080,19,T
328062.5613652130,4689599.559222280,19,T
328062.5613652130,4689599.559222280,19,T
328062.70075845600,4689599.674739880,19,T
328062.70075845600,4689599.674739880,19,T
328062.86058673300,4689599.837628440,19,T
328062.86058673300,4689599.837628440,19,T
328063.0346380000,4689599.963057370,19,T
328063.0346380000,4689599.963057370,19,T
328063.15969513800,4689599.982439540,19,T
328063.15969513800,4689599.982439540,19,T
328063.312677552,4689600.090758150,19,T
328063.312677552,4689600.090758150,19,T
328063.40742816100,4689600.327980730,19,T
328063.40742816100,4689600.327980730,19,T
328063.49607738900,4689600.552178840,19,T
328063.49607738900,4689600.552178840,19,T
328063.65950685600,4689600.732792070,19,T
328063.65950685600,4689600.732792070,19,T
328063.7984042960,4689600.901018780,19,T
328063.7984042960,4689600.901018780,19,T
328063.928311193,4689600.781488620,19,T
328063.928311193,4689600.781488620,19,T
328064.06085745100,4689600.898473180,19,T
328064.06085745100,4689600.898473180,19,T
328064.1840891940,4689600.893963900,19,T
328064.1840891940,4689600.893963900,19,T
328064.33692144800,4689600.945692690,19,T
328064.33692144800,4689600.945692690,19,T
328064.45679712600,4689601.011961310,19,T
328064.45679712600,4689601.011961310,19,T
328064.5963183150,4689601.104652840,19,T
328064.5963183150,4689601.104652840,19,T
328064.7527588470,4689601.185610360,19,T
328064.7527588470,4689601.185610360,19,T
328064.9311447570,4689601.280131220,19,T
328064.9311447570,4689601.280131220,19,T
328065.10035207600,4689601.337210200,19,T
328065.10035207600,4689601.337210200,19,T
328065.2537164100,4689601.388183730,19,T
328065.2537164100,4689601.388183730,19,T
328065.3444835410,4689601.491164070,19,T
328065.3444835410,4689601.491164070,19,T
328065.4720906780,4689601.608826540,19,T
328065.4720906780,4689601.608826540,19,T
328065.6547318560,4689601.680420000,19,T
328065.6547318560,4689601.680420000,19,T
328065.78405548,4689601.890445520,19,T
328065.78405548,4689601.890445520,19,T
328065.9770066730,4689602.006318530,19,T
328065.9770066730,4689602.006318530,19,T
328066.1288635890,4689602.1248702000,19,T
328066.1288635890,4689602.1248702000,19,T
328066.2609702070,4689602.263204140,19,T
328066.2609702070,4689602.263204140,19,T
328066.3526962590,4689602.388427250,19,T
328066.3526962590,4689602.388427250,19,T
328066.5478563640,4689602.4372615800,19,T
328066.5478563640,4689602.4372615800,19,T
328066.7085620610,4689602.5910366100,19,T
328066.7085620610,4689602.5910366100,19,T
328066.86377232800,4689602.728432350,19,T
328066.86377232800,4689602.728432350,19,T
328066.9404434030,4689602.851612820,19,T
328066.9404434030,4689602.851612820,19,T
328067.0960704810,4689602.966732030,19,T
328067.0960704810,4689602.966732030,19,T
328067.26055248900,4689603.083674970,19,T
328067.26055248900,4689603.083674970,19,T
328067.4034482500,4689603.179252570,19,T
328067.4034482500,4689603.179252570,19,T
328067.55609881800,4689603.246015630,19,T
328067.55609881800,4689603.246015630,19,T
328067.71231065400,4689603.3232677800,19,T
328067.71231065400,4689603.3232677800,19,T
328067.8485405120,4689603.433296540,19,T
328067.8485405120,4689603.433296540,19,T
328067.9764841880,4689603.665622280,19,T
328067.9764841880,4689603.665622280,19,T
328068.12806633800,4689603.806632600,19,T
328068.12806633800,4689603.806632600,19,T
328068.25096394100,4689603.92311185,19,T
328068.25096394100,4689603.92311185,19,T
328068.39511242500,4689604.0641190900,19,T
328068.39511242500,4689604.0641190900,19,T
328068.56707913200,4689604.177538390,19,T
328068.56707913200,4689604.177538390,19,T
328068.74261575900,4689604.279365820,19,T
328068.74261575900,4689604.279365820,19,T
328068.9077259600,4689604.371429340,19,T
328068.9077259600,4689604.371429340,19,T
328069.06525286500,4689604.429351770,19,T
328069.06525286500,4689604.429351770,19,T
328069.2135667290,4689604.487685900,19,T
328069.2135667290,4689604.487685900,19,T
328069.37401048800,4689604.569101920,19,T
328069.37401048800,4689604.569101920,19,T
328069.5536100750,4689604.696250340,19,T
328069.5536100750,4689604.696250340,19,T
328069.69970803300,4689604.759648780,19,T
328069.69970803300,4689604.759648780,19,T
328069.81598021000,4689604.869796350,19,T
328069.81598021000,4689604.869796350,19,T
328069.94801978300,4689605.072704270,19,T
328069.94801978300,4689605.072704270,19,T
328070.07188799300,4689605.172645560,19,T
328070.07188799300,4689605.172645560,19,T
328070.2057259660,4689605.246921430,19,T
328070.2057259660,4689605.246921430,19,T
328070.3403274710,4689605.408388260,19,T
328070.3403274710,4689605.408388260,19,T
328070.4513550120,4689605.534807640,19,T
328070.4513550120,4689605.534807640,19,T
328070.61356741200,4689605.649023070,19,T
328070.61356741200,4689605.649023070,19,T
328070.7985937610,4689605.716847060,19,T
328070.7985937610,4689605.716847060,19,T
328070.89827793800,4689605.807362120,19,T
328070.89827793800,4689605.807362120,19,T
328070.9837552460,4689605.947211760,19,T
328070.9837552460,4689605.947211760,19,T
328071.1307062460,4689606.084624760,19,T
328071.1307062460,4689606.084624760,19,T
328071.276554004,4689606.261216430,19,T
328071.276554004,4689606.261216430,19,T
328071.4361569840,4689606.375681490,19,T
328071.4361569840,4689606.375681490,19,T
328071.592210871,4689606.463328530,19,T
328071.592210871,4689606.463328530,19,T
328071.7372572050,4689606.534360490,19,T
328071.7372572050,4689606.534360490,19,T
328071.8590561450,4689606.639733610,19,T
328071.8590561450,4689606.639733610,19,T
328072.005460782,4689606.805364030,19,T
328072.005460782,4689606.805364030,19,T
328072.14656175600,4689606.934385220,19,T
328072.14656175600,4689606.934385220,19,T
328072.3380247600,4689607.012071090,19,T
328072.3380247600,4689607.012071090,19,T
328072.5094624550,4689607.059075660,19,T
328072.5094624550,4689607.059075660,19,T
328072.6708803040,4689607.129705800,19,T
328072.6708803040,4689607.129705800,19,T
328072.7824056550,4689607.19228291,19,T
328072.7824056550,4689607.19228291,19,T
328072.9014924030,4689607.332977610,19,T
328072.9014924030,4689607.332977610,19,T
328073.10461586900,4689607.442663440,19,T
328073.10461586900,4689607.442663440,19,T
328073.2509488060,4689607.54928993,19,T
328073.2509488060,4689607.54928993,19,T
328073.41754445300,4689607.617751910,19,T
328073.41754445300,4689607.617751910,19,T
328073.5533622940,4689607.772694610,19,T
328073.5533622940,4689607.772694610,19,T
328073.7381947440,4689607.871881800,19,T
328073.7381947440,4689607.871881800,19,T
328073.8610650230,4689607.936778210,19,T
328073.8610650230,4689607.936778210,19,T
328074.0591094550,4689607.985356390,19,T
328074.0591094550,4689607.985356390,19,T
328074.2304811840,4689608.091368330,19,T
328074.2304811840,4689608.091368330,19,T
328074.29509866400,4689608.497441250,19,T
328074.29509866400,4689608.497441250,19,T
328074.49384697200,4689608.43448509,19,T
328074.49384697200,4689608.43448509,19,T
328074.64537002800,4689608.472144230,19,T
328074.64537002800,4689608.472144230,19,T
328074.78754215900,4689608.611159010,19,T
328074.78754215900,4689608.611159010,19,T
328074.9854975920,4689608.644895200,19,T
328074.9854975920,4689608.644895200,19,T
328075.09830731100,4689608.804670360,19,T
328075.09830731100,4689608.804670360,19,T
328075.26093450200,4689608.857272270,19,T
328075.26093450200,4689608.857272270,19,T
328075.40398787400,4689608.9424552,19,T
328075.40398787400,4689608.9424552,19,T
328075.54985106500,4689608.985077640,19,T
328075.54985106500,4689608.985077640,19,T
328075.72106110900,4689609.022810250,19,T
328075.72106110900,4689609.022810250,19,T
328075.8574513880,4689609.032822400,19,T
328075.8574513880,4689609.032822400,19,T
328076.0740657010,4689609.170566720,19,T
328076.0740657010,4689609.170566720,19,T
328076.1974706850,4689609.19555625,19,T
328076.1974706850,4689609.19555625,19,T
328076.1616840910,4689609.56030314,19,T
328076.1616840910,4689609.56030314,19,T
328076.2383127710,4689609.7378516400,19,T
328076.2383127710,4689609.7378516400,19,T
328076.29628574900,4689609.918084660,19,T
328076.29628574900,4689609.918084660,19,T
328075.13940046700,4689613.249500610,19,T
328075.13940046700,4689613.249500610,19,T
328074.8576196580,4689614.511679760,19,T
328074.8576196580,4689614.511679760,19,T
328071.2253179010,4689624.077930740,19,T
328071.2253179010,4689624.077930740,19,T
328069.9518722460,4689627.724679400,19,T
328069.9518722460,4689627.724679400,19,T
328062.68594495100,4689646.442698980,19,T
328062.68594495100,4689646.442698980,19,T
328054.66993359500,4689666.948385690,19,T
328054.66993359500,4689666.948385690,19,T
328050.54655632900,4689677.788649380,19,T
328050.54655632900,4689677.788649380,19,T
328041.8497107050,4689700.09181787,19,T
328041.8497107050,4689700.09181787,19,T
328042.8306915890,4689698.024243870,19,T
328042.8306915890,4689698.024243870,19,T
328036.32047351100,4689714.895683760,19,T
328036.32047351100,4689714.895683760,19,T
328030.5346744660,4689729.907179350,19,T
328030.5346744660,4689729.907179350,19,T
328025.8227567800,4689742.2723112300,19,T
328025.8227567800,4689742.2723112300,19,T
328019.62027032300,4689758.447816300,19,T
328019.62027032300,4689758.447816300,19,T
328013.0115299800,4689775.613022460,19,T
328013.0115299800,4689775.613022460,19,T
328014.0239637270,4689773.431298130,19,T
328014.0239637270,4689773.431298130,19,T
328014.65105548300,4689772.240052850,19,T
328014.65105548300,4689772.240052850,19,T
328015.0440358290,4689771.5774435600,19,T
328015.0440358290,4689771.5774435600,19,T
328015.8145565610,4689770.01583896,19,T
328015.8145565610,4689770.01583896,19,T
328016.475794954,4689768.768831850,19,T
328016.475794954,4689768.768831850,19,T
328017.61234851800,4689766.377725940,19,T
328017.61234851800,4689766.377725940,19,T
328018.82529938100,4689763.683777990,19,T
328018.82529938100,4689763.683777990,19,T
328020.2060323600,4689760.635758330,19,T
328020.2060323600,4689760.635758330,19,T
328021.54356315,4689757.672669580,19,T
328021.54356315,4689757.672669580,19,T
328020.33250255000,4689761.0547853500,19,T
328020.33250255000,4689761.0547853500,19,T
328043.92698908,4689701.954796140,19,T
328043.92698908,4689701.954796140,19,T
328039.86318295500,4689712.629392240,19,T
328039.86318295500,4689712.629392240,19,T
328043.9239752420,4689702.650692430,19,T
328043.9239752420,4689702.650692430,19,T
328046.74191789400,4689695.903660320,19,T
328046.74191789400,4689695.903660320,19,T
328049.1094868860,4689690.45337986,19,T
328049.1094868860,4689690.45337986,19,T
328051.1554886420,4689685.7992219100,19,T
328051.1554886420,4689685.7992219100,19,T
328052.86469442000,4689681.904078310,19,T
328052.86469442000,4689681.904078310,19,T
328054.29052943900,4689678.706889310,19,T
328054.29052943900,4689678.706889310,19,T
328055.3748737240,4689676.402798320,19,T
328055.3748737240,4689676.402798320,19,T
328056.49371860500,4689673.967602710,19,T
328056.49371860500,4689673.967602710,19,T
328057.7790878390,4689671.233476510,19,T
328057.7790878390,4689671.233476510,19,T
328058.9011720500,4689668.874092880,19,T
328058.9011720500,4689668.874092880,19,T
328059.92405801700,4689666.685069620,19,T
328059.92405801700,4689666.685069620,19,T
328060.6477453950,4689665.317595690,19,T
328060.6477453950,4689665.317595690,19,T
328061.1731121570,4689664.394935210,19,T
328061.1731121570,4689664.394935210,19,T
328061.6921890110,4689663.563721030,19,T
328061.6921890110,4689663.563721030,19,T
328062.1245224110,4689662.899963520,19,T
328062.1245224110,4689662.899963520,19,T
328062.5903518920,4689662.153926240,19,T
328062.5903518920,4689662.153926240,19,T
328062.9951415600,4689661.624257210,19,T
328062.9951415600,4689661.624257210,19,T
328063.32419458100,4689661.35714865,19,T
328063.32419458100,4689661.35714865,19,T
328063.76819121100,4689660.787180120,19,T
328063.76819121100,4689660.787180120,19,T
328064.1562414170,4689660.265344170,19,T
328064.1562414170,4689660.265344170,19,T
328064.4265161080,4689660.059983060,19,T
328064.4265161080,4689660.059983060,19,T
328064.8337590450,4689659.607814900,19,T
328064.8337590450,4689659.607814900,19,T
328065.1986087110,4689659.167078320,19,T
328065.1986087110,4689659.167078320,19,T
328065.4678440900,4689658.953021800,19,T
328065.4678440900,4689658.953021800,19,T
328065.76443509400,4689658.782269760,19,T
328065.76443509400,4689658.782269760,19,T
328066.0276581760,4689658.570030820,19,T
328066.0276581760,4689658.570030820,19,T
328066.27271717700,4689658.481444640,19,T
328066.27271717700,4689658.481444640,19,T
328066.5056504270,4689658.347510190,19,T
328066.5056504270,4689658.347510190,19,T
328066.7603883320,4689658.193371950,19,T
328066.7603883320,4689658.193371950,19,T
328066.99729231300,4689658.238027170,19,T
328066.99729231300,4689658.238027170,19,T
328067.11567748100,4689658.299693570,19,T
328067.11567748100,4689658.299693570,19,T
328067.3765623940,4689658.059493630,19,T
328067.3765623940,4689658.059493630,19,T
328067.68169332600,4689657.832866290,19,T
328067.68169332600,4689657.832866290,19,T
328067.8024095790,4689657.961459960,19,T
328067.8024095790,4689657.961459960,19,T
328067.9504693420,4689658.0992167400,19,T
328067.9504693420,4689658.0992167400,19,T
328068.05568105800,4689658.2523128200,19,T
328068.05568105800,4689658.2523128200,19,T
328068.1956471960,4689658.3631776000,19,T
328068.1956471960,4689658.3631776000,19,T
328068.3567417160,4689658.465545000,19,T
328068.3567417160,4689658.465545000,19,T
328068.43853428400,4689658.640368920,19,T
328068.43853428400,4689658.640368920,19,T
328068.6791649040,4689658.993877740,19,T
328068.6791649040,4689658.993877740,19,T
328068.7842722000,4689659.2661011400,19,T
328068.7842722000,4689659.2661011400,19,T
328068.9278760550,4689659.620507160,19,T
328068.9278760550,4689659.620507160,19,T
328069.02550154200,4689659.980495020,19,T
328069.02550154200,4689659.980495020,19,T
328069.1339356290,4689660.416294120,19,T
328069.1339356290,4689660.416294120,19,T
328069.24692129000,4689660.863671320,19,T
328069.24692129000,4689660.863671320,19,T
328069.35113047800,4689661.30681068,19,T
328069.35113047800,4689661.30681068,19,T
328069.4686131620,4689661.713070380,19,T
328069.4686131620,4689661.713070380,19,T
328069.6171382070,4689660.063944570,19,T
328069.6171382070,4689660.063944570,19,T
328069.71927109800,4689660.22620832,19,T
328069.71927109800,4689660.22620832,19,T
328069.8329411400,4689660.342542950,19,T
328069.8329411400,4689660.342542950,19,T
328070.0009004070,4689660.595596120,19,T
328070.0009004070,4689660.595596120,19,T
328070.11648134200,4689660.694441910,19,T
328070.11648134200,4689660.694441910,19,T
328069.871650562,4689661.313888240,19,T
328069.871650562,4689661.313888240,19,T
328069.935636841,4689661.711070110,19,T
328069.935636841,4689661.711070110,19,T
328070.0277486730,4689662.053936920,19,T
328070.0277486730,4689662.053936920,19,T
328070.12072551200,4689662.331096900,19,T
328070.12072551200,4689662.331096900,19,T
328070.21895295300,4689662.609055770,19,T
328070.21895295300,4689662.609055770,19,T
328070.35081180500,4689662.642001950,19,T
328070.35081180500,4689662.642001950,19,T
328070.46682428900,4689662.937893970,19,T
328070.46682428900,4689662.937893970,19,T
328070.5347802240,4689663.19395846,19,T
328070.5347802240,4689663.19395846,19,T
328070.70874310100,4689663.1924717200,19,T
328070.70874310100,4689663.1924717200,19,T
328070.922857307,4689663.07699793,19,T
328070.922857307,4689663.07699793,19,T
328070.99552272800,4689663.283775400,19,T
328070.99552272800,4689663.283775400,19,T
328071.1088918000,4689663.640222450,19,T
328071.1088918000,4689663.640222450,19,T
328071.27360760000,4689663.749923130,19,T
328071.27360760000,4689663.749923130,19,T
328071.42494928100,4689663.869971920,19,T
328071.42494928100,4689663.869971920,19,T
328071.51542954900,4689664.107113840,19,T
328071.51542954900,4689664.107113840,19,T
328071.5513922850,4689664.327224220,19,T
328071.5513922850,4689664.327224220,19,T
328071.63159731900,4689664.106489070,19,T
328071.63159731900,4689664.106489070,19,T
328071.67118558200,4689664.311666260,19,T
328071.67118558200,4689664.311666260,19,T
328071.7329568340,4689664.484012800,19,T
328071.7329568340,4689664.484012800,19,T
328071.8419613000,4689664.63460365,19,T
328071.8419613000,4689664.63460365,19,T
328071.6889878550,4689665.334180570,19,T
328071.6889878550,4689665.334180570,19,T
328071.7345019550,4689665.534016830,19,T
328071.7345019550,4689665.534016830,19,T
328071.83239118200,4689665.680427240,19,T
328071.83239118200,4689665.680427240,19,T
328071.9235987720,4689665.902336010,19,T
328071.9235987720,4689665.902336010,19,T
328072.0299929250,4689666.0082727600,19,T
328072.0299929250,4689666.0082727600,19,T
328072.136978133,4689666.216805580,19,T
328072.136978133,4689666.216805580,19,T
328072.2807218380,4689666.307723580,19,T
328072.2807218380,4689666.307723580,19,T
328072.3263644910,4689666.456715280,19,T
328072.3263644910,4689666.456715280,19,T
328072.4395973220,4689666.605717930,19,T
328072.4395973220,4689666.605717930,19,T
328072.5172089710,4689666.722381010,19,T
328072.5172089710,4689666.722381010,19,T
328072.5952575850,4689666.856846410,19,T
328072.5952575850,4689666.856846410,19,T
328072.6349394550,4689667.026580760,19,T
328072.6349394550,4689667.026580760,19,T
328072.6638738730,4689667.162251690,19,T
328072.6638738730,4689667.162251690,19,T
328072.51555721000,4689667.62532032,19,T
328072.51555721000,4689667.62532032,19,T
328072.58942042400,4689667.751909690,19,T
328072.58942042400,4689667.751909690,19,T
328072.65300910300,4689667.8412696400,19,T
328072.65300910300,4689667.8412696400,19,T
328072.6870638470,4689668.112639360,19,T
328072.6870638470,4689668.112639360,19,T
328072.76080144000,4689668.323843790,19,T
328072.76080144000,4689668.323843790,19,T
328072.8502990090,4689668.492912050,19,T
328072.8502990090,4689668.492912050,19,T
328072.9131067560,4689668.814046310,19,T
328072.9131067560,4689668.814046310,19,T
328073.02301509600,4689668.911732510,19,T
328073.02301509600,4689668.911732510,19,T
328073.10671574500,4689669.108219290,19,T
328073.10671574500,4689669.108219290,19,T
328073.1919208200,4689669.203357450,19,T
328073.1919208200,4689669.203357450,19,T
328073.2965027620,4689669.263507220,19,T
328073.2965027620,4689669.263507220,19,T
328073.2086816590,4689669.678702820,19,T
328073.2086816590,4689669.678702820,19,T
328073.3170360400,4689669.847679350,19,T
328073.3170360400,4689669.847679350,19,T
328073.4141386510,4689670.006912210,19,T
328073.4141386510,4689670.006912210,19,T
328073.521387308,4689670.203748770,19,T
328073.521387308,4689670.203748770,19,T
328073.60048264800,4689670.43133587,19,T
328073.60048264800,4689670.43133587,19,T
328073.6872063770,4689670.621996320,19,T
328073.6872063770,4689670.621996320,19,T
328073.79903606000,4689670.769920120,19,T
328073.79903606000,4689670.769920120,19,T
328073.9332660640,4689670.949951340,19,T
328073.9332660640,4689670.949951340,19,T
328074.08144970300,4689671.160070690,19,T
328074.08144970300,4689671.160070690,19,T
328074.14381256700,4689671.356524560,19,T
328074.14381256700,4689671.356524560,19,T
328074.3143836590,4689671.469235980,19,T
328074.3143836590,4689671.469235980,19,T
328074.4333177010,4689671.586925890,19,T
328074.4333177010,4689671.586925890,19,T
328074.5544523630,4689671.732580220,19,T
328074.5544523630,4689671.732580220,19,T
328074.7292355680,4689671.882298770,19,T
328074.7292355680,4689671.882298770,19,T
328074.9035832800,4689672.0311002400,19,T
328074.9035832800,4689672.0311002400,19,T
328075.04450239000,4689672.169589080,19,T
328075.04450239000,4689672.169589080,19,T
328075.2345941600,4689672.163438840,19,T
328075.2345941600,4689672.163438840,19,T
328075.43183103700,4689672.229664290,19,T
328075.43183103700,4689672.229664290,19,T
328075.5706977920,4689672.306971160,19,T
328075.5706977920,4689672.306971160,19,T
328075.7342699640,4689672.325222590,19,T
328075.7342699640,4689672.325222590,19,T
328075.9816531790,4689672.4379042100,19,T
328075.9816531790,4689672.4379042100,19,T
328076.1615117220,4689672.46911569,19,T
328076.1615117220,4689672.46911569,19,T
328076.3091751630,4689672.540268980,19,T
328076.3091751630,4689672.540268980,19,T
328076.45886946300,4689672.565169850,19,T
328076.45886946300,4689672.565169850,19,T
328076.61426952200,4689672.609413690,19,T
328076.61426952200,4689672.609413690,19,T
328076.74936462200,4689672.673267820,19,T
328076.74936462200,4689672.673267820,19,T
328076.93311781300,4689672.672468680,19,T
328076.93311781300,4689672.672468680,19,T
328077.11382584800,4689672.598079930,19,T
328077.11382584800,4689672.598079930,19,T
328077.1904132480,4689672.6730188600,19,T
328077.1904132480,4689672.6730188600,19,T
328077.27497966700,4689672.674839800,19,T
328077.27497966700,4689672.674839800,19,T
328077.3816025200,4689672.683541480,19,T
328077.3816025200,4689672.683541480,19,T
328077.4486615720,4689672.678741140,19,T
328077.4486615720,4689672.678741140,19,T
328077.5046707780,4689672.812634220,19,T
328077.5046707780,4689672.812634220,19,T
328077.64575142800,4689672.671676990,19,T
328077.64575142800,4689672.671676990,19,T
328077.83106507100,4689672.639110080,19,T
328077.83106507100,4689672.639110080,19,T
328077.9026006450,4689672.530661550,19,T
328077.9026006450,4689672.530661550,19,T
328078.0299887530,4689672.510464010,19,T
328078.0299887530,4689672.510464010,19,T
328078.1148264970,4689672.433604020,19,T
328078.1148264970,4689672.433604020,19,T
328078.20501702900,4689672.350489410,19,T
328078.20501702900,4689672.350489410,19,T
328078.2874679980,4689672.260513770,19,T
328078.2874679980,4689672.260513770,19,T
328078.4060231390,4689672.194516010,19,T
328078.4060231390,4689672.194516010,19,T
328078.4705082180,4689672.197015410,19,T
328078.4705082180,4689672.197015410,19,T
328078.5491207540,4689672.107690640,19,T
328078.5491207540,4689672.107690640,19,T
328078.6135472460,4689672.079760860,19,T
328078.6135472460,4689672.079760860,19,T
328078.6361971450,4689672.026693550,19,T
328078.6361971450,4689672.026693550,19,T
328078.6607045220,4689672.071737960,19,T
328078.6607045220,4689672.071737960,19,T
328078.6968752050,4689672.008690060,19,T
328078.6968752050,4689672.008690060,19,T
328078.7600939250,4689671.791340760,19,T
328078.7600939250,4689671.791340760,19,T
328078.77891125800,4689671.806465310,19,T
328078.77891125800,4689671.806465310,19,T
328078.82599585900,4689671.745005060,19,T
328078.82599585900,4689671.745005060,19,T
328078.85381927100,4689671.7625063,19,T
328078.85381927100,4689671.7625063,19,T
328078.9446072510,4689671.647647550,19,T
328078.9446072510,4689671.647647550,19,T
328078.9772748510,4689671.582087900,19,T
328078.9772748510,4689671.582087900,19,T
328079.07013687700,4689671.534904930,19,T
328079.07013687700,4689671.534904930,19,T
328079.1126468730,4689671.388017230,19,T
328079.1126468730,4689671.388017230,19,T
328079.1444225220,4689671.235640880,19,T
328079.1444225220,4689671.235640880,19,T
328079.20782184200,4689671.182686720,19,T
328079.20782184200,4689671.182686720,19,T
328079.22439760900,4689671.168177880,19,T
328079.22439760900,4689671.168177880,19,T
328079.27198347900,4689671.099097670,19,T
328079.27198347900,4689671.099097670,19,T
328079.3297614730,4689671.04145712,19,T
328079.3297614730,4689671.04145712,19,T
328079.4092028540,4689671.008334450,19,T
328079.4092028540,4689671.008334450,19,T
328079.44756211900,4689670.9391096,19,T
328079.44756211900,4689670.9391096,19,T
328079.46952754500,4689670.76841878,19,T
328079.46952754500,4689670.76841878,19,T
328079.5078712530,4689670.6593005100,19,T
328079.5078712530,4689670.6593005100,19,T
328079.57757186100,4689670.554608090,19,T
328079.57757186100,4689670.554608090,19,T
328079.6315946670,4689670.568311880,19,T
328079.6315946670,4689670.568311880,19,T
328079.7073281740,4689670.350469880,19,T
328079.7073281740,4689670.350469880,19,T
328079.7753865600,4689670.223737010,19,T
328079.7753865600,4689670.223737010,19,T
328079.79889524700,4689670.1888327800,19,T
328079.79889524700,4689670.1888327800,19,T
328079.84005271500,4689670.065357910,19,T
328079.84005271500,4689670.065357910,19,T
328079.90027096900,4689669.905232460,19,T
328079.90027096900,4689669.905232460,19,T
328079.98658920000,4689669.83260386,19,T
328079.98658920000,4689669.83260386,19,T
328079.9642432410,4689669.729799550,19,T
328079.9642432410,4689669.729799550,19,T
328080.0049113280,4689669.698556320,19,T
328080.0049113280,4689669.698556320,19,T
328080.05982746300,4689669.51870688,19,T
328080.05982746300,4689669.51870688,19,T
328080.1227085270,4689669.416594020,19,T
328080.1227085270,4689669.416594020,19,T
328080.2014393400,4689669.208698300,19,T
328080.2014393400,4689669.208698300,19,T
328080.24639607700,4689668.998848240,19,T
328080.24639607700,4689668.998848240,19,T
328080.34724013200,4689668.912317790,19,T
328080.34724013200,4689668.912317790,19,T
328080.3961922400,4689668.820381090,19,T
328080.3961922400,4689668.820381090,19,T
328080.42664149800,4689668.748567110,19,T
328080.42664149800,4689668.748567110,19,T
328080.510147619,4689668.656710080,19,T
328080.510147619,4689668.656710080,19,T
328080.5798602940,4689668.586159040,19,T
328080.5798602940,4689668.586159040,19,T
328080.63203362600,4689668.384296170,19,T
328080.63203362600,4689668.384296170,19,T
328080.7239239080,4689668.235825390,19,T
328080.7239239080,4689668.235825390,19,T
328080.74174230300,4689668.098079160,19,T
328080.74174230300,4689668.098079160,19,T
328080.80351754000,4689667.900433890,19,T
328080.80351754000,4689667.900433890,19,T
328080.8701851070,4689667.756293220,19,T
328080.8701851070,4689667.756293220,19,T
328080.9277499880,4689667.611448220,19,T
328080.9277499880,4689667.611448220,19,T
328081.0328018440,4689667.337406420,19,T
328081.0328018440,4689667.337406420,19,T
328081.06147413800,4689667.153933420,19,T
328081.06147413800,4689667.153933420,19,T
328081.1406330170,4689666.912998850,19,T
328081.1406330170,4689666.912998850,19,T
328081.19495185900,4689666.888286020,19,T
328081.19495185900,4689666.888286020,19,T
328081.23601190200,4689666.721579800,19,T
328081.23601190200,4689666.721579800,19,T
328081.2852966330,4689666.542239700,19,T
328081.2852966330,4689666.542239700,19,T
328081.3878933970,4689666.426163390,19,T
328081.3878933970,4689666.426163390,19,T
328081.49710741000,4689666.3104813300,19,T
328081.49710741000,4689666.3104813300,19,T
328081.55335341800,4689666.106291880,19,T
328081.55335341800,4689666.106291880,19,T
328081.61640697300,4689665.865381500,19,T
328081.61640697300,4689665.865381500,19,T
328081.67609862800,4689665.751100480,19,T
328081.67609862800,4689665.751100480,19,T
328081.7710135520,4689665.613688620,19,T
328081.7710135520,4689665.613688620,19,T
328081.85356907700,4689665.455056020,19,T
328081.85356907700,4689665.455056020,19,T
328081.90716185200,4689665.215676720,19,T
328081.90716185200,4689665.215676720,19,T
328081.9497788730,4689665.011450680,19,T
328081.9497788730,4689665.011450680,19,T
328081.97447974300,4689664.828817380,19,T
328081.97447974300,4689664.828817380,19,T
328082.02333315200,4689664.626293800,19,T
328082.02333315200,4689664.626293800,19,T
328082.101856681,4689664.5725973600,19,T
328082.101856681,4689664.5725973600,19,T
328082.2211492530,4689664.41324864,19,T
328082.2211492530,4689664.41324864,19,T
328082.3355538180,4689664.127658620,19,T
328082.3355538180,4689664.127658620,19,T
328082.42269219400,4689664.009920660,19,T
328082.42269219400,4689664.009920660,19,T
328082.4905599610,4689663.897851150,19,T
328082.4905599610,4689663.897851150,19,T
328082.5407603740,4689663.677295920,19,T
328082.5407603740,4689663.677295920,19,T
328082.62710638100,4689663.504839410,19,T
328082.62710638100,4689663.504839410,19,T
328082.6712719610,4689663.358096660,19,T
328082.6712719610,4689663.358096660,19,T
328082.7897036770,4689663.068325650,19,T
328082.7897036770,4689663.068325650,19,T
328082.836031137,4689662.886274860,19,T
328082.836031137,4689662.886274860,19,T
328082.85977502300,4689662.720735880,19,T
328082.85977502300,4689662.720735880,19,T
328082.9028187170,4689662.589978190,19,T
328082.9028187170,4689662.589978190,19,T
328082.96499751100,4689662.442422230,19,T
328082.96499751100,4689662.442422230,19,T
328083.0284670360,4689662.308194370,19,T
328083.0284670360,4689662.308194370,19,T
328083.1109026560,4689662.178325380,19,T
328083.1109026560,4689662.178325380,19,T
328082.9049334970,4689662.289145610,19,T
328082.9049334970,4689662.289145610,19,T
328083.1023244210,4689661.772732500,19,T
328083.1023244210,4689661.772732500,19,T
328083.11591509100,4689661.608556040,19,T
328083.11591509100,4689661.608556040,19,T
328083.1005606040,4689661.392393070,19,T
328083.1005606040,4689661.392393070,19,T
328083.1504629690,4689661.221387700,19,T
328083.1504629690,4689661.221387700,19,T
328083.197168223,4689661.054728500,19,T
328083.197168223,4689661.054728500,19,T
328083.25939578300,4689660.718464410,19,T
328083.25939578300,4689660.718464410,19,T
328083.2933656490,4689660.307745090,19,T
328083.2933656490,4689660.307745090,19,T
328083.3654083940,4689660.433080380,19,T
328083.3654083940,4689660.433080380,19,T
328083.4070844340,4689660.308293940,19,T
328083.4070844340,4689660.308293940,19,T
328083.46571587700,4689660.100334920,19,T
328083.46571587700,4689660.100334920,19,T
328083.5282317050,4689659.916031290,19,T
328083.5282317050,4689659.916031290,19,T
328083.55008927300,4689659.68485301,19,T
328083.55008927300,4689659.68485301,19,T
328083.61711425000,4689659.493573260,19,T
328083.61711425000,4689659.493573260,19,T
328083.677159932,4689659.275930800,19,T
328083.677159932,4689659.275930800,19,T
328083.74176506300,4689659.126274220,19,T
328083.74176506300,4689659.126274220,19,T
328083.78483010200,4689658.979558500,19,T
328083.78483010200,4689658.979558500,19,T
328083.8089495030,4689658.767622170,19,T
328083.8089495030,4689658.767622170,19,T
328083.85407690900,4689658.553500260,19,T
328083.85407690900,4689658.553500260,19,T
328083.8854710340,4689658.357528450,19,T
328083.8854710340,4689658.357528450,19,T
328083.9150346910,4689658.165498180,19,T
328083.9150346910,4689658.165498180,19,T
328083.9844605090,4689657.886949820,19,T
328083.9844605090,4689657.886949820,19,T
328084.04329099800,4689657.61979466,19,T
328084.04329099800,4689657.61979466,19,T
328084.10414973800,4689657.345538720,19,T
328084.10414973800,4689657.345538720,19,T
328084.06169056300,4689657.242114750,19,T
328084.06169056300,4689657.242114750,19,T
328084.08836202900,4689656.943462750,19,T
328084.08836202900,4689656.943462750,19,T
328084.2358409840,4689656.2555253000,19,T
328084.2358409840,4689656.2555253000,19,T
328084.3076446790,4689655.815858970,19,T
328084.3076446790,4689655.815858970,19,T
328084.38830817300,4689655.15386881,19,T
328084.38830817300,4689655.15386881,19,T
328084.4802437580,4689654.614623320,19,T
328084.4802437580,4689654.614623320,19,T
328084.5273429200,4689653.98166094,19,T
328084.5273429200,4689653.98166094,19,T
328085.5781098830,4689650.544488000,19,T
328085.5781098830,4689650.544488000,19,T
328084.4962287850,4689653.706693520,19,T
328084.4962287850,4689653.706693520,19,T
328084.45104145400,4689653.452853380,19,T
328084.45104145400,4689653.452853380,19,T
328084.2760142070,4689653.702635200,19,T
328084.2760142070,4689653.702635200,19,T
328084.2853222750,4689653.313488620,19,T
328084.2853222750,4689653.313488620,19,T
328084.27202107200,4689652.906156140,19,T
328084.27202107200,4689652.906156140,19,T
328084.4639643550,4689651.7975931,19,T
328084.4639643550,4689651.7975931,19,T
328084.52040687400,4689651.203181880,19,T
328084.52040687400,4689651.203181880,19,T
328084.5412013360,4689650.72116267,19,T
328084.5412013360,4689650.72116267,19,T
328084.4860523230,4689650.498925410,19,T
328084.4860523230,4689650.498925410,19,T
328084.4475643600,4689650.198347170,19,T
328084.4475643600,4689650.198347170,19,T
328084.46645076500,4689649.644194850,19,T
328084.46645076500,4689649.644194850,19,T
328084.43779103500,4689649.2897507,19,T
328084.43779103500,4689649.2897507,19,T
328084.43438905700,4689648.915574730,19,T
328084.43438905700,4689648.915574730,19,T
328084.36096841100,4689648.80140639,19,T
328084.36096841100,4689648.80140639,19,T
328084.45999179300,4689648.0012856400,19,T
328084.45999179300,4689648.0012856400,19,T
328084.5333412000,4689647.215154800,19,T
328084.5333412000,4689647.215154800,19,T
328084.5864722650,4689646.648472190,19,T
328084.5864722650,4689646.648472190,19,T
328084.6579519370,4689645.954421310,19,T
328084.6579519370,4689645.954421310,19,T
328084.7213120030,4689645.299721300,19,T
328084.7213120030,4689645.299721300,19,T
328084.70534416700,4689645.0529572300,19,T
328084.70534416700,4689645.0529572300,19,T
328084.68142200600,4689644.745712700,19,T
328084.68142200600,4689644.745712700,19,T
328084.60037344500,4689644.517060110,19,T
328084.60037344500,4689644.517060110,19,T
328084.6492899950,4689643.902051730,19,T
328084.6492899950,4689643.902051730,19,T
328084.63716682000,4689643.621237180,19,T
328084.63716682000,4689643.621237180,19,T
328084.6297228430,4689642.936545470,19,T
328084.6297228430,4689642.936545470,19,T
328084.6564167760,4689642.492976400,19,T
328084.6564167760,4689642.492976400,19,T
328084.6107593800,4689642.276072760,19,T
328084.6107593800,4689642.276072760,19,T
328084.5219933420,4689642.069504790,19,T
328084.5219933420,4689642.069504790,19,T
328084.5368578670,4689641.244915590,19,T
328084.5368578670,4689641.244915590,19,T
328084.50681018200,4689641.030226570,19,T
328084.50681018200,4689641.030226570,19,T
328084.46100236800,4689640.734281250,19,T
328084.46100236800,4689640.734281250,19,T
328084.4724115930,4689640.217608510,19,T
328084.4724115930,4689640.217608510,19,T
328084.4856835700,4689639.84413662,19,T
328084.4856835700,4689639.84413662,19,T
328084.497857223,4689639.409088240,19,T
328084.497857223,4689639.409088240,19,T
328084.43698894300,4689639.116481390,19,T
328084.43698894300,4689639.116481390,19,T
328084.44907178000,4689638.503861470,19,T
328084.44907178000,4689638.503861470,19,T
328084.4452167780,4689637.976615780,19,T
328084.4452167780,4689637.976615780,19,T
328084.3949467540,4689637.70638622,19,T
328084.3949467540,4689637.70638622,19,T
328084.3547822040,4689637.371150800,19,T
328084.3547822040,4689637.371150800,19,T
328084.35842764300,4689636.953197020,19,T
328084.35842764300,4689636.953197020,19,T
328084.37849523500,4689636.508862830,19,T
328084.37849523500,4689636.508862830,19,T
328084.3286244830,4689636.187596520,19,T
328084.3286244830,4689636.187596520,19,T
328084.2916117460,4689635.795690230,19,T
328084.2916117460,4689635.795690230,19,T
328084.2732414050,4689635.546387390,19,T
328084.2732414050,4689635.546387390,19,T
328084.21727015700,4689635.257000290,19,T
328084.21727015700,4689635.257000290,19,T
328084.19671432800,4689634.873782160,19,T
328084.19671432800,4689634.873782160,19,T
328084.2134633600,4689634.445672490,19,T
328084.2134633600,4689634.445672490,19,T
328084.1918011380,4689634.118332830,19,T
328084.1918011380,4689634.118332830,19,T
328084.1087329010,4689633.874700050,19,T
328084.1087329010,4689633.874700050,19,T
328084.0700179420,4689633.536831330,19,T
328084.0700179420,4689633.536831330,19,T
328084.050319626,4689633.227813160,19,T
328084.050319626,4689633.227813160,19,T
328084.01244583400,4689632.879347300,19,T
328084.01244583400,4689632.879347300,19,T
328083.9880267140,4689632.630378470,19,T
328083.9880267140,4689632.630378470,19,T
328083.96269028600,4689632.456209830,19,T
328083.96269028600,4689632.456209830,19,T
328083.91084192900,4689632.116065700,19,T
328083.91084192900,4689632.116065700,19,T
328083.89278582100,4689631.705695550,19,T
328083.89278582100,4689631.705695550,19,T
328083.83395959200,4689631.479466390,19,T
328083.83395959200,4689631.479466390,19,T
328083.808055682,4689631.175610460,19,T
328083.808055682,4689631.175610460,19,T
328083.7709187880,4689630.834734160,19,T
328083.7709187880,4689630.834734160,19,T
328083.6775234550,4689630.787298330,19,T
328083.6775234550,4689630.787298330,19,T
328083.61698196700,4689630.586531970,19,T
328083.61698196700,4689630.586531970,19,T
328083.5175283380,4689630.393214990,19,T
328083.5175283380,4689630.393214990,19,T
328083.4213889330,4689630.25641019,19,T
328083.4213889330,4689630.25641019,19,T
328083.30485008200,4689630.202676950,19,T
328083.30485008200,4689630.202676950,19,T
328083.195572524,4689630.113881610,19,T
328083.195572524,4689630.113881610,19,T
328083.1006985950,4689629.978159070,19,T
328083.1006985950,4689629.978159070,19,T
328082.9857330680,4689629.971703110,19,T
328082.9857330680,4689629.971703110,19,T
328082.9050736760,4689629.770131660,19,T
328082.9050736760,4689629.770131660,19,T
328082.72383650600,4689629.946401530,19,T
328082.72383650600,4689629.946401530,19,T
328082.6053434440,4689629.8466992300,19,T
328082.6053434440,4689629.8466992300,19,T
328082.50418302400,4689629.707234390,19,T
328082.50418302400,4689629.707234390,19,T
328082.39326509500,4689629.635735710,19,T
328082.39326509500,4689629.635735710,19,T
328082.28894498200,4689629.496533980,19,T
328082.28894498200,4689629.496533980,19,T
328082.16281410800,4689629.483857730,19,T
328082.16281410800,4689629.483857730,19,T
328082.0732778680,4689629.3244390300,19,T
328082.0732778680,4689629.3244390300,19,T
328081.98855902800,4689629.103298640,19,T
328081.98855902800,4689629.103298640,19,T
328081.92841281100,4689628.823291660,19,T
328081.92841281100,4689628.823291660,19,T
328081.821075537,4689628.706986950,19,T
328081.821075537,4689628.706986950,19,T
328081.7428182150,4689628.608894860,19,T
328081.7428182150,4689628.608894860,19,T
328081.7254763360,4689628.154716780,19,T
328081.7254763360,4689628.154716780,19,T
328081.7492020750,4689627.618258740,19,T
328081.7492020750,4689627.618258740,19,T
328081.8227959300,4689626.948648890,19,T
328081.8227959300,4689626.948648890,19,T
328081.8149223680,4689626.526895670,19,T
328081.8149223680,4689626.526895670,19,T
328081.6838415960,4689626.424719050,19,T
328081.6838415960,4689626.424719050,19,T
328081.40368267600,4689626.950956760,19,T
328081.40368267600,4689626.950956760,19,T
328081.32605484200,4689626.771948320,19,T
328081.32605484200,4689626.771948320,19,T
328081.1461002860,4689626.955608850,19,T
328081.1461002860,4689626.955608850,19,T
328081.05114660800,4689626.754944910,19,T
328081.05114660800,4689626.754944910,19,T
328081.02106876300,4689626.454902470,19,T
328081.02106876300,4689626.454902470,19,T
328080.96308813100,4689626.218261630,19,T
328080.96308813100,4689626.218261630,19,T
328080.8599640830,4689625.959534730,19,T
328080.8599640830,4689625.959534730,19,T
328080.80230533000,4689625.66870465,19,T
328080.80230533000,4689625.66870465,19,T
328080.69312367500,4689625.606255450,19,T
328080.69312367500,4689625.606255450,19,T
328080.01182795700,4689627.7926429900,19,T
328080.01182795700,4689627.7926429900,19,T
328079.5075520650,4689629.35048707,19,T
328079.5075520650,4689629.35048707,19,T
328079.013047802,4689630.9138435000,19,T
328079.013047802,4689630.9138435000,19,T
328078.54270414700,4689632.266932600,19,T
328078.54270414700,4689632.266932600,19,T
328078.02550382500,4689633.713205880,19,T
328078.02550382500,4689633.713205880,19,T
328077.5978809600,4689634.849448910,19,T
328077.5978809600,4689634.849448910,19,T
328077.5855666640,4689634.459905260,19,T
328077.5855666640,4689634.459905260,19,T
328077.5171465370,4689634.184925750,19,T
328077.5171465370,4689634.184925750,19,T
328077.44732995200,4689633.897919600,19,T
328077.44732995200,4689633.897919600,19,T
328077.3906214990,4689633.600942990,19,T
328077.3906214990,4689633.600942990,19,T
328076.959870029,4689634.693843550,19,T
328076.959870029,4689634.693843550,19,T
328076.5734754110,4689635.524397450,19,T
328076.5734754110,4689635.524397450,19,T
328076.22478330000,4689636.292608090,19,T
328076.22478330000,4689636.292608090,19,T
328075.8817813410,4689637.090738600,19,T
328075.8817813410,4689637.090738600,19,T
328075.52958849900,4689637.968696760,19,T
328075.52958849900,4689637.968696760,19,T
328075.21191525400,4689638.761195710,19,T
328075.21191525400,4689638.761195710,19,T
328074.88154741200,4689639.485166260,19,T
328074.88154741200,4689639.485166260,19,T
328074.57663897600,4689640.0910571800,19,T
328074.57663897600,4689640.0910571800,19,T
328074.2905292330,4689640.739349340,19,T
328074.2905292330,4689640.739349340,19,T
328074.0495521280,4689641.269078960,19,T
328074.0495521280,4689641.269078960,19,T
328073.781144434,4689641.814140540,19,T
328073.781144434,4689641.814140540,19,T
328073.6783106470,4689641.746711290,19,T
328073.6783106470,4689641.746711290,19,T
328073.5786227520,4689641.7289329,19,T
328073.5786227520,4689641.7289329,19,T
328073.34128929400,4689642.121078680,19,T
328073.34128929400,4689642.121078680,19,T
328073.0868952610,4689642.620150400,19,T
328073.0868952610,4689642.620150400,19,T
328072.93242599000,4689642.871840080,19,T
328072.93242599000,4689642.871840080,19,T
328072.8531298390,4689642.9613672200,19,T
328072.8531298390,4689642.9613672200,19,T
328072.6741766200,4689643.264313720,19,T
328072.6741766200,4689643.264313720,19,T
328072.5048724640,4689643.53974716,19,T
328072.5048724640,4689643.53974716,19,T
328072.37158719800,4689643.830068480,19,T
328072.37158719800,4689643.830068480,19,T
328072.2072068740,4689644.137852770,19,T
328072.2072068740,4689644.137852770,19,T
328072.02648765800,4689644.368848250,19,T
328072.02648765800,4689644.368848250,19,T
328071.8475892500,4689644.62354976,19,T
328071.8475892500,4689644.62354976,19,T
328071.8012718040,4689644.452679420,19,T
328071.8012718040,4689644.452679420,19,T
328071.64047553100,4689644.771880010,19,T
328071.64047553100,4689644.771880010,19,T
328071.50058863900,4689644.87736749,19,T
328071.50058863900,4689644.87736749,19,T
328071.360214498,4689645.063953400,19,T
328071.360214498,4689645.063953400,19,T
328071.2095596650,4689645.246709510,19,T
328071.2095596650,4689645.246709510,19,T
328071.02526355800,4689645.477792810,19,T
328071.02526355800,4689645.477792810,19,T
328070.8520367410,4689645.6887502900,19,T
328070.8520367410,4689645.6887502900,19,T
328070.6832745850,4689645.885310640,19,T
328070.6832745850,4689645.885310640,19,T
328070.5371762850,4689646.152752440,19,T
328070.5371762850,4689646.152752440,19,T
328070.4092864050,4689646.455373390,19,T
328070.4092864050,4689646.455373390,19,T
328070.2793426760,4689646.679927130,19,T
328070.2793426760,4689646.679927130,19,T
328070.2166647050,4689646.59963692,19,T
328070.2166647050,4689646.59963692,19,T
328070.06346863800,4689646.8863648600,19,T
328070.06346863800,4689646.8863648600,19,T
328069.94946358900,4689647.019977740,19,T
328069.94946358900,4689647.019977740,19,T
328069.82582439000,4689647.075152810,19,T
328069.82582439000,4689647.075152810,19,T
328069.78875389200,4689646.843565370,19,T
328069.78875389200,4689646.843565370,19,T
328069.7240952450,4689646.761097150,19,T
328069.7240952450,4689646.761097150,19,T
328069.6114997790,4689646.660508100,19,T
328069.6114997790,4689646.660508100,19,T
328069.5390339960,4689646.4394382,19,T
328069.5390339960,4689646.4394382,19,T
328069.3972996120,4689646.492088590,19,T
328069.3972996120,4689646.492088590,19,T
328069.270209415,4689646.53565857,19,T
328069.270209415,4689646.53565857,19,T
328069.1745024300,4689646.366000540,19,T
328069.1745024300,4689646.366000540,19,T
328069.0190671950,4689646.41008072,19,T
328069.0190671950,4689646.41008072,19,T
328068.62305393700,4689647.336616380,19,T
328068.62305393700,4689647.336616380,19,T
328068.4999332760,4689647.3400095800,19,T
328068.4999332760,4689647.3400095800,19,T
328068.3773519460,4689647.253211,19,T
328068.3773519460,4689647.253211,19,T
328068.28546854400,4689647.188852990,19,T
328068.28546854400,4689647.188852990,19,T
328068.1266254780,4689647.436196890,19,T
328068.1266254780,4689647.436196890,19,T
328067.94880844700,4689647.521833590,19,T
328067.94880844700,4689647.521833590,19,T
328067.78232461100,4689647.64857033,19,T
328067.78232461100,4689647.64857033,19,T
328067.66026287700,4689647.779226610,19,T
328067.66026287700,4689647.779226610,19,T
328067.5080342090,4689647.942723970,19,T
328067.5080342090,4689647.942723970,19,T
328067.3829393210,4689648.033932010,19,T
328067.3829393210,4689648.033932010,19,T
328067.25076634000,4689648.162053210,19,T
328067.25076634000,4689648.162053210,19,T
328067.16541936500,4689648.038714600,19,T
328067.16541936500,4689648.038714600,19,T
328067.0116301340,4689648.009646710,19,T
328067.0116301340,4689648.009646710,19,T
328066.8822711190,4689647.972000400,19,T
328066.8822711190,4689647.972000400,19,T
328066.75892389700,4689647.960554990,19,T
328066.75892389700,4689647.960554990,19,T
328066.6220410360,4689648.065041080,19,T
328066.6220410360,4689648.065041080,19,T
328066.40702846300,4689648.300960640,19,T
328066.40702846300,4689648.300960640,19,T
328066.2848156790,4689648.330123400,19,T
328066.2848156790,4689648.330123400,19,T
328066.1315225310,4689648.371738880,19,T
328066.1315225310,4689648.371738880,19,T
328065.9696982330,4689648.3966784900,19,T
328065.9696982330,4689648.3966784900,19,T
328065.83604612800,4689648.313120540,19,T
328065.83604612800,4689648.313120540,19,T
328065.72309761800,4689648.186933970,19,T
328065.72309761800,4689648.186933970,19,T
328065.5271747280,4689648.35373053,19,T
328065.5271747280,4689648.35373053,19,T
328065.38642871100,4689648.418603220,19,T
328065.38642871100,4689648.418603220,19,T
328065.22278951900,4689648.537848100,19,T
328065.22278951900,4689648.537848100,19,T
328065.0306945000,4689648.686737670,19,T
328065.0306945000,4689648.686737670,19,T
328064.8571706950,4689648.767815800,19,T
328064.8571706950,4689648.767815800,19,T
328064.69444758600,4689648.817827100,19,T
328064.69444758600,4689648.817827100,19,T
328064.54120704400,4689648.872801110,19,T
328064.54120704400,4689648.872801110,19,T
328064.38610621600,4689648.919285370,19,T
328064.38610621600,4689648.919285370,19,T
328064.20711786900,4689648.99084893,19,T
328064.20711786900,4689648.99084893,19,T
328064.0493459220,4689649.074323720,19,T
328064.0493459220,4689649.074323720,19,T
328063.87502405000,4689649.106064490,19,T
328063.87502405000,4689649.106064490,19,T
328063.75545155900,4689649.091372090,19,T
328063.75545155900,4689649.091372090,19,T
328063.61874682200,4689649.175071970,19,T
328063.61874682200,4689649.175071970,19,T
328063.47345127200,4689649.217233410,19,T
328063.47345127200,4689649.217233410,19,T
328063.29929569500,4689649.367909310,19,T
328063.29929569500,4689649.367909310,19,T
328063.2136359850,4689649.349601180,19,T
328063.2136359850,4689649.349601180,19,T
328063.107568228,4689649.212112590,19,T
328063.107568228,4689649.212112590,19,T
328063.0265523600,4689649.001643570,19,T
328063.0265523600,4689649.001643570,19,T
328062.876465544,4689648.938343220,19,T
328062.876465544,4689648.938343220,19,T
328062.74488852300,4689649.017835100,19,T
328062.74488852300,4689649.017835100,19,T
328062.58432058900,4689649.093956460,19,T
328062.58432058900,4689649.093956460,19,T
328062.42224441200,4689649.142281950,19,T
328062.42224441200,4689649.142281950,19,T
328062.24655634400,4689649.247349570,19,T
328062.24655634400,4689649.247349570,19,T
328062.1431464310,4689649.19570659,19,T
328062.1431464310,4689649.19570659,19,T
328061.999852329,4689649.20163618,19,T
328061.999852329,4689649.20163618,19,T
328061.87479000000,4689649.165183360,19,T
328061.87479000000,4689649.165183360,19,T
328061.79447810500,4689649.017042730,19,T
328061.79447810500,4689649.017042730,19,T
328061.6924464540,4689648.976684640,19,T
328061.6924464540,4689648.976684640,19,T
328061.5504658770,4689648.996869540,19,T
328061.5504658770,4689648.996869540,19,T
328061.44633719400,4689648.988849070,19,T
328061.44633719400,4689648.988849070,19,T
328061.32768577300,4689648.927560400,19,T
328061.32768577300,4689648.927560400,19,T
328061.1917767430,4689648.897868180,19,T
328061.1917767430,4689648.897868180,19,T
328061.05451668400,4689648.958944340,19,T
328061.05451668400,4689648.958944340,19,T
328060.9643978400,4689649.050592820,19,T
328060.9643978400,4689649.050592820,19,T
328060.9168236040,4689649.131362670,19,T
328060.9168236040,4689649.131362670,19,T
328060.8912522820,4689649.2112213200,19,T
328060.8912522820,4689649.2112213200,19,T
328060.86657521700,4689649.265822870,19,T
328060.86657521700,4689649.265822870,19,T
328060.85491722600,4689649.295611890,19,T
328060.85491722600,4689649.295611890,19,T
328060.84352930900,4689649.353227170,19,T
328060.84352930900,4689649.353227170,19,T
328060.83230323500,4689649.428651530,19,T
328060.83230323500,4689649.428651530,19,T
328060.818144561,4689649.541629500,19,T
328060.818144561,4689649.541629500,19,T
328060.80421198100,4689649.646994260,19,T
328060.80421198100,4689649.646994260,19,T
328060.7786123080,4689649.781777160,19,T
328060.7786123080,4689649.781777160,19,T
328060.7801574980,4689649.7830381000,19,T
328060.7801574980,4689649.7830381000,19,T
328060.7620800120,4689649.809273650,19,T
328060.7620800120,4689649.809273650,19,T
328060.746232086,4689649.7805309200,19,T
328060.746232086,4689649.7805309200,19,T
328060.74587198300,4689649.74342924,19,T
328060.74587198300,4689649.74342924,19,T
328060.7615242060,4689649.71372772,19,T
328060.7615242060,4689649.71372772,19,T
328060.78042157600,4689649.692853070,19,T
328060.78042157600,4689649.692853070,19,T
328060.78304562200,4689649.687593180,19,T
328060.78304562200,4689649.687593180,19,T
328060.7770625970,4689649.72986048,19,T
328060.7770625970,4689649.72986048,19,T
328060.77917374200,4689649.77100133,19,T
328060.77917374200,4689649.77100133,19,T
328060.78106285300,4689649.797488980,19,T
328060.78106285300,4689649.797488980,19,T
328060.7869482280,4689649.812930920,19,T
328060.7869482280,4689649.812930920,19,T
328060.79167634800,4689649.837307800,19,T
328060.79167634800,4689649.837307800,19,T
328060.80424624500,4689649.8614921900,19,T
328060.80424624500,4689649.8614921900,19,T
328060.7940160790,4689649.932624390,19,T
328060.7940160790,4689649.932624390,19,T
328060.7813768210,4689650.012165600,19,T
328060.7813768210,4689650.012165600,19,T
328060.78170050800,4689650.0477837400,19,T
328060.78170050800,4689650.0477837400,19,T
328060.76404734300,4689650.136169000,19,T
328060.76404734300,4689650.136169000,19,T
328060.75812853700,4689650.203484320,19,T
328060.75812853700,4689650.203484320,19,T
328060.74869903100,4689650.284802260,19,T
328060.74869903100,4689650.284802260,19,T
328060.7410443470,4689650.365519970,19,T
328060.7410443470,4689650.365519970,19,T
328060.7368882150,4689650.448563990,19,T
328060.7368882150,4689650.448563990,19,T
328060.72661655900,4689650.5460456800,19,T
328060.72661655900,4689650.5460456800,19,T
328060.70759724200,4689650.65728743,19,T
328060.70759724200,4689650.65728743,19,T
328060.67713849600,4689650.706278770,19,T
328060.67713849600,4689650.706278770,19,T
328060.63102343800,4689650.85770834,19,T
328060.63102343800,4689650.85770834,19,T
328060.5747242930,4689651.00363577,19,T
328060.5747242930,4689651.00363577,19,T
328060.51623968900,4689651.038099750,19,T
328060.51623968900,4689651.038099750,19,T
328060.4125317680,4689651.187417560,19,T
328060.4125317680,4689651.187417560,19,T
328060.34594334500,4689651.301125860,19,T
328060.34594334500,4689651.301125860,19,T
328060.26567529700,4689651.440776210,19,T
328060.26567529700,4689651.440776210,19,T
328060.199327122,4689651.569879480,19,T
328060.199327122,4689651.569879480,19,T
328060.1131054240,4689651.6913062700,19,T
328060.1131054240,4689651.6913062700,19,T
328060.0283328100,4689651.8381182,19,T
328060.0283328100,4689651.8381182,19,T
328059.9782114500,4689651.90484859,19,T
328059.9782114500,4689651.90484859,19,T
328059.925319841,4689652.049393510,19,T
328059.925319841,4689652.049393510,19,T
328059.87695556900,4689652.187704070,19,T
328059.87695556900,4689652.187704070,19,T
328059.8681997770,4689652.296467250,19,T
328059.8681997770,4689652.296467250,19,T
328059.8731939210,4689652.3709368,19,T
328059.8731939210,4689652.3709368,19,T
328059.87200478100,4689652.429043950,19,T
328059.87200478100,4689652.429043950,19,T
328059.8625090370,4689652.4964470700,19,T
328059.8625090370,4689652.4964470700,19,T
328059.8633895870,4689652.571574250,19,T
328059.8633895870,4689652.571574250,19,T
328059.85318320800,4689652.6380670600,19,T
328059.85318320800,4689652.6380670600,19,T
328059.8546585850,4689652.670131440,19,T
328059.8546585850,4689652.670131440,19,T
328059.84390292300,4689652.731071150,19,T
328059.84390292300,4689652.731071150,19,T
328059.83737566700,4689652.790422640,19,T
328059.83737566700,4689652.790422640,19,T